{"stats":{"minecraft:broken":{"minecraft:wooden_pickaxe":1},"minecraft:picked_up":{"minecraft:wooden_axe":2,"minecraft:birch_log":21,"minecraft:coarse_dirt":8,"minecraft:crafting_table":4,"minecraft:birch_planks":18,"minecraft:flint":1,"minecraft:oak_log":6,"minecraft:dirt":12,"minecraft:wheat_seeds":11,"minecraft:poppy":1,"minecraft:birch_sapling":1,"minecraft:furnace":2,"minecraft:stick":2,"minecraft:raw_iron":1,"minecraft:gravel":49,"minecraft:porkchop":15,"minecraft:sand":1,"minecraft:ink_sac":3,"minecraft:white_bed":2,"minecraft:rotten_flesh":1,"minecraft:oak_sapling":3,"minecraft:mutton":6,"minecraft:coal":14,"minecraft:cobblestone":74,"minecraft:white_wool":4},"minecraft:dropped":{"minecraft:wooden_axe":3},"minecraft:used":{"minecraft:wheat_seeds":11,"minecraft:cooked_mutton":4,"minecraft:flint_and_steel":7,"minecraft:stone_shovel":12,"minecraft:stone_pickaxe":32,"minecraft:wooden_pickaxe":59,"minecraft:stone_hoe":27,"minecraft:rotten_flesh":1,"minecraft:dirt":1,"minecraft:crafting_table":5,"minecraft:white_bed":3,"minecraft:smoker":1,"minecraft:wooden_axe":36,"minecraft:birch_sapling":1,"minecraft:gravel":30,"minecraft:stone_axe":10,"minecraft:oak_sapling":3,"minecraft:furnace":2,"minecraft:coarse_dirt":8},"minecraft:killed":{"minecraft:pig":5,"minecraft:squid":1,"minecraft:sheep":4,"minecraft:zombie":2},"minecraft:mined":{"minecraft:white_bed":2,"minecraft:crafting_table":4,"minecraft:short_grass":91,"minecraft:grass_block":1,"minecraft:poppy":1,"minecraft:coarse_dirt":8,"minecraft:furnace":2,"minecraft:fire":6,"minecraft:birch_log":21,"minecraft:iron_ore":1,"minecraft:birch_leaves":3,"minecraft:coal_ore":14,"minecraft:oak_log":6,"minecraft:gravel":50,"minecraft:sand":1,"minecraft:dirt":11,"minecraft:stone":74},"minecraft:crafted":{"minecraft:oak_planks":8,"minecraft:stone_shovel":1,"minecraft:cooked_porkchop":15,"minecraft:crafting_table":1,"minecraft:wooden_pickaxe":1,"minecraft:furnace":1,"minecraft:birch_planks":84,"minecraft:stone_axe":1,"minecraft:cooked_mutton":6,"minecraft:air":0,"minecraft:flint_and_steel":1,"minecraft:stick":12,"minecraft:iron_ingot":1,"minecraft:stone_pickaxe":1,"minecraft:wooden_axe":1,"minecraft:white_bed":1,"minecraft:stone_hoe":1,"minecraft:smoker":1},"minecraft:custom":{"minecraft:interact_with_furnace":9,"minecraft:mob_kills":12,"minecraft:interact_with_crafting_table":11,"minecraft:leave_game":3,"minecraft:time_since_death":88513,"minecraft:sleep_in_bed":6,"minecraft:time_since_rest":6483,"minecraft:sprint_one_cm":77607,"minecraft:damage_taken":125,"minecraft:walk_one_cm":60482,"minecraft:drop":3,"minecraft:damage_dealt":1250,"minecraft:swim_one_cm":12806,"minecraft:fly_one_cm":116313,"minecraft:crouch_one_cm":4073,"minecraft:play_time":88513,"minecraft:sneak_time":1637,"minecraft:walk_under_water_one_cm":635,"minecraft:jump":608,"minecraft:walk_on_water_one_cm":6415,"minecraft:total_world_time":88513,"minecraft:interact_with_smoker":3,"minecraft:fall_one_cm":15375}},"DataVersion":3953}