{"stats":{"minecraft:picked_up":{"minecraft:birch_log":5,"minecraft:crafting_table":1,"minecraft:birch_sapling":1,"minecraft:mutton":6,"minecraft:white_wool":4},"minecraft:killed":{"minecraft:sheep":4},"minecraft:custom":{"minecraft:time_since_rest":31775,"minecraft:play_time":31775,"minecraft:sprint_one_cm":11664,"minecraft:walk_one_cm":7709,"minecraft:sneak_time":1,"minecraft:mob_kills":4,"minecraft:jump":65,"minecraft:damage_dealt":320,"minecraft:leave_game":1,"minecraft:time_since_death":31775,"minecraft:total_world_time":31775,"minecraft:fall_one_cm":805,"minecraft:interact_with_crafting_table":2,"minecraft:fly_one_cm":9767},"minecraft:crafted":{"minecraft:birch_planks":20,"minecraft:crafting_table":1,"minecraft:stick":4,"minecraft:wooden_axe":1},"minecraft:used":{"minecraft:wooden_axe":5,"minecraft:crafting_table":1,"minecraft:birch_sapling":1},"minecraft:mined":{"minecraft:birch_log":5,"minecraft:birch_leaves":2,"minecraft:crafting_table":1}},"DataVersion":3953}