{"stats":{"minecraft:broken":{"minecraft:wooden_pickaxe":1},"minecraft:picked_up":{"minecraft:wooden_axe":2,"minecraft:birch_log":21,"minecraft:coarse_dirt":8,"minecraft:crafting_table":4,"minecraft:raw_iron":1,"minecraft:birch_planks":18,"minecraft:porkchop":15,"minecraft:oak_log":6,"minecraft:white_bed":2,"minecraft:dirt":12,"minecraft:oak_sapling":3,"minecraft:coal":14,"minecraft:mutton":6,"minecraft:birch_sapling":1,"minecraft:white_wool":4,"minecraft:cobblestone":74,"minecraft:furnace":1},"minecraft:dropped":{"minecraft:wooden_axe":3},"minecraft:used":{"minecraft:cooked_mutton":3,"minecraft:wooden_axe":36,"minecraft:stone_pickaxe":31,"minecraft:birch_sapling":1,"minecraft:wooden_pickaxe":59,"minecraft:stone_axe":7,"minecraft:dirt":1,"minecraft:crafting_table":5,"minecraft:oak_sapling":2,"minecraft:furnace":2,"minecraft:white_bed":3,"minecraft:coarse_dirt":8},"minecraft:killed":{"minecraft:sheep":4,"minecraft:zombie":1,"minecraft:pig":5},"minecraft:mined":{"minecraft:coarse_dirt":8,"minecraft:white_bed":2,"minecraft:furnace":1,"minecraft:birch_log":21,"minecraft:iron_ore":1,"minecraft:birch_leaves":3,"minecraft:crafting_table":4,"minecraft:short_grass":1,"minecraft:oak_log":6,"minecraft:grass_block":1,"minecraft:coal_ore":14,"minecraft:dirt":11,"minecraft:stone":74},"minecraft:crafted":{"minecraft:crafting_table":1,"minecraft:stick":8,"minecraft:iron_ingot":1,"minecraft:wooden_pickaxe":1,"minecraft:stone_pickaxe":1,"minecraft:wooden_axe":1,"minecraft:furnace":1,"minecraft:white_bed":1,"minecraft:birch_planks":40,"minecraft:stone_axe":1,"minecraft:air":0,"minecraft:cooked_mutton":6},"minecraft:custom":{"minecraft:time_since_rest":11554,"minecraft:interact_with_furnace":7,"minecraft:sprint_one_cm":49394,"minecraft:damage_taken":45,"minecraft:walk_one_cm":36212,"minecraft:mob_kills":10,"minecraft:drop":3,"minecraft:damage_dealt":1020,"minecraft:interact_with_crafting_table":8,"minecraft:swim_one_cm":6834,"minecraft:fly_one_cm":78192,"minecraft:crouch_one_cm":3433,"minecraft:play_time":73826,"minecraft:sneak_time":1423,"minecraft:walk_under_water_one_cm":104,"minecraft:jump":421,"minecraft:leave_game":2,"minecraft:time_since_death":73826,"minecraft:walk_on_water_one_cm":4309,"minecraft:sleep_in_bed":4,"minecraft:total_world_time":73826,"minecraft:fall_one_cm":10868}},"DataVersion":3953}